,VITIS_LOOP_13_1,seq_loop_status1.csv
grp_sha512Accel_Pipeline_VITIS_LOOP_15_2_fu_399,VITIS_LOOP_15_2,upc_loop_status1.csv
grp_sha512Accel_Pipeline_VITIS_LOOP_26_3_fu_442,VITIS_LOOP_26_3,upc_loop_status2.csv
grp_sha512Accel_Pipeline_VITIS_LOOP_38_4_fu_483,VITIS_LOOP_38_4,upc_loop_status3.csv
grp_sha512Accel_Pipeline_VITIS_LOOP_46_5_fu_520,VITIS_LOOP_46_5,upc_loop_status4.csv
grp_chunkProcessor_fu_557.grp_chunkProcessor_Pipeline_VITIS_LOOP_8_1_fu_147,VITIS_LOOP_8_1,upc_loop_status5.csv
grp_chunkProcessor_fu_557.grp_chunkProcessor_Pipeline_VITIS_LOOP_24_1_fu_155,VITIS_LOOP_24_1,upc_loop_status6.csv
grp_chunkProcessor_fu_557.grp_chunkProcessor_Pipeline_VITIS_LOOP_11_2_fu_163,VITIS_LOOP_11_2,upc_loop_status7.csv
grp_chunkProcessor_fu_557.grp_chunkProcessor_Pipeline_VITIS_LOOP_27_2_fu_168,VITIS_LOOP_27_2,upc_loop_status8.csv
grp_chunkProcessor_fu_557.grp_chunkProcessor_Pipeline_VITIS_LOOP_34_4_fu_193,VITIS_LOOP_34_4,upc_loop_status9.csv
grp_sha512Accel_Pipeline_VITIS_LOOP_52_7_fu_566,VITIS_LOOP_52_7,upc_loop_status10.csv
