,AESL_inst_sha512Accel,,module_status1.csv
,grp_sha512Accel_Pipeline_VITIS_LOOP_15_2_fu_399,,module_status2.csv
,grp_sha512Accel_Pipeline_VITIS_LOOP_26_3_fu_442,,module_status3.csv
,grp_sha512Accel_Pipeline_VITIS_LOOP_38_4_fu_483,,module_status4.csv
,grp_sha512Accel_Pipeline_VITIS_LOOP_46_5_fu_520,,module_status5.csv
,grp_chunkProcessor_fu_557,,module_status6.csv
grp_chunkProcessor_fu_557,grp_chunkProcessor_Pipeline_VITIS_LOOP_8_1_fu_147,,module_status7.csv
grp_chunkProcessor_fu_557,grp_chunkProcessor_Pipeline_VITIS_LOOP_24_1_fu_155,,module_status8.csv
grp_chunkProcessor_fu_557,grp_chunkProcessor_Pipeline_VITIS_LOOP_11_2_fu_163,,module_status9.csv
grp_chunkProcessor_fu_557,grp_chunkProcessor_Pipeline_VITIS_LOOP_27_2_fu_168,,module_status10.csv
grp_chunkProcessor_fu_557,grp_chunkProcessor_Pipeline_VITIS_LOOP_34_4_fu_193,,module_status11.csv
,grp_sha512Accel_Pipeline_VITIS_LOOP_52_7_fu_566,,module_status12.csv
